date2;month;year;day;date;vaccination;dose1;dose2;population_de;immune_infect_de;immune_vac;immune_de;population_er;vaccination_er;dose1_er;dose2_er;immune_infect_er;immune_vac_er;immune_er
27.12.2020;12;2020;27;2020-12-27;24008;24008;0;83166711;2000958;;2000958;249790;;;0;5491;;5491
28.12.2020;12;2020;28;2020-12-28;19232;19232;0;83166711;2000958;;2000958;249790;;;0;5491;;5491
29.12.2020;12;2020;29;2020-12-29;42431;42431;0;83166711;2000958;;2000958;249790;;;0;5491;;5491
30.12.2020;12;2020;30;2020-12-30;57070;57070;0;83166711;2000958;;2000958;249790;;;0;5491;;5491
31.12.2020;12;2020;31;2020-12-31;37766;37766;0;83166711;2000958;;2000958;249790;1717;1717;0;5491;;5491
01.01.2021;1;2021;1;2021-1-1;30375;30375;0;83166711;2000958;;2000958;249790;;;0;5491;;5491
02.01.2021;1;2021;2;2021-1-2;44549;44549;0;83166711;2000958;;2000958;249790;;;0;5491;;5491
03.01.2021;1;2021;3;2021-1-3;24366;24366;0;83166711;2000958;;2000958;249790;;;0;5491;;5491
04.01.2021;1;2021;4;2021-1-4;47910;47910;0;83166711;2000958;;2000958;249790;;;0;5491;;5491
05.01.2021;1;2021;5;2021-1-5;50099;50099;0;83166711;2000958;;2000958;249790;;;0;5491;;5491
06.01.2021;1;2021;6;2021-1-6;55435;55435;0;83166711;2000958;;2000958;249790;;;0;5491;;5491
07.01.2021;1;2021;7;2021-1-7;55957;55957;0;83166711;2000958;;2000958;249790;1451;1451;0;5491;;5491
08.01.2021;1;2021;8;2021-1-8;57150;57150;0;83166711;2000958;;2000958;249790;;;0;5491;;5491
09.01.2021;1;2021;9;2021-1-9;53491;53491;0;83166711;2000958;;2000958;249790;;;0;5491;;5491
10.01.2021;1;2021;10;2021-1-10;32340;32340;0;83166711;2000958;;2000958;249790;;;0;5491;;5491
11.01.2021;1;2021;11;2021-1-11;64370;64370;0;83166711;2000958;;2000958;249790;;;0;5491;;5491
12.01.2021;1;2021;12;2021-1-12;78937;78937;0;83166711;2000958;;2000958;249790;;;0;5491;;5491
13.01.2021;1;2021;13;2021-1-13;91542;91542;0;83166711;2000958;;2000958;249790;;;0;5491;;5491
14.01.2021;1;2021;14;2021-1-14;94654;94654;0;83166711;2000958;;2000958;249790;;;0;5491;;5491
15.01.2021;1;2021;15;2021-1-15;;;0;83166711;2000958;;2000958;249790;;;0;5491;;5491
16.01.2021;1;2021;16;2021-1-16;;;0;83166711;2000958;;2000958;249790;;;0;5491;;5491
17.01.2021;1;2021;17;2021-1-17;;;24008;83166711;2000958;;2000958;249790;;;;5491;;5491
18.01.2021;1;2021;18;2021-1-18;;;19232;83166711;2000958;;2000958;249790;;;;5491;;5491
19.01.2021;1;2021;19;2021-1-19;;;42431;83166711;2000958;;2000958;249790;;;;5491;;5491
20.01.2021;1;2021;20;2021-1-20;;;57070;83166711;2000958;;2000958;249790;;;;5491;;5491
21.01.2021;1;2021;21;2021-1-21;;;37766;83166711;2000958;;2000958;249790;;;1717;5491;;5491
22.01.2021;1;2021;22;2021-1-22;;;30375;83166711;2000958;;2000958;249790;;;;5491;;5491
23.01.2021;1;2021;23;2021-1-23;;;44549;83166711;2000958;;2000958;249790;;;;5491;;5491
24.01.2021;1;2021;24;2021-1-24;;;24366;83166711;2000958;24008;2024966;249790;;;;5491;0;5491
25.01.2021;1;2021;25;2021-1-25;;;47910;83166711;2000958;43240;2044198;249790;;;;5491;0;5491
26.01.2021;1;2021;26;2021-1-26;;;50099;83166711;2000958;85671;2086629;249790;;;;5491;0;5491
27.01.2021;1;2021;27;2021-1-27;;;55435;83166711;2000958;142741;2143699;249790;;;;5491;0;5491
28.01.2021;1;2021;28;2021-1-28;;;55957;83166711;2000958;180507;2181465;249790;;;1451;5491;1717;7208
29.01.2021;1;2021;29;2021-1-29;;;57150;83166711;2000958;210882;2211840;249790;;;;5491;1717;7208
30.01.2021;1;2021;30;2021-1-30;;;53491;83166711;2000958;255431;2256389;249790;;;;5491;1717;7208
31.01.2021;1;2021;31;2021-1-31;;;32340;83166711;2000958;279797;2280755;249790;;;;5491;1717;7208
01.02.2021;2;2021;1;2021-2-1;;;64370;83166711;2000958;327707;2328665;249790;;;;5491;1717;7208
02.02.2021;2;2021;2;2021-2-2;;;78937;83166711;2000958;377806;2378764;249790;;;;5491;1717;7208
03.02.2021;2;2021;3;2021-2-3;;;91542;83166711;2000958;433241;2434199;249790;;;;5491;1717;7208
04.02.2021;2;2021;4;2021-2-4;;;94654;83166711;2000958;489198;2490156;249790;;;;5491;3168;8659
05.02.2021;2;2021;5;2021-2-5;;;;83166711;2000958;546348;2547306;249790;;;;5491;3168;8659
06.02.2021;2;2021;6;2021-2-6;;;;83166711;2000958;599839;2600797;249790;;;;5491;3168;8659
07.02.2021;2;2021;7;2021-2-7;;;;83166711;2000958;632179;2633137;249790;;;;5491;3168;8659
08.02.2021;2;2021;8;2021-2-8;;;;83166711;2000958;696549;2697507;249790;;;;5491;3168;8659
09.02.2021;2;2021;9;2021-2-9;;;;83166711;2000958;775486;2776444;249790;;;;5491;3168;8659
10.02.2021;2;2021;10;2021-2-10;;;;83166711;2000958;867028;2867986;249790;;;;5491;3168;8659
11.02.2021;2;2021;11;2021-2-11;;;;83166711;2000958;961682;2962640;249790;;;;5491;3168;8659
12.02.2021;2;2021;12;2021-2-12;;;;83166711;2000958;961682;2962640;249790;;;;5491;3168;8659
13.02.2021;2;2021;13;2021-2-13;;;;83166711;2000958;961682;2962640;249790;;;;5491;3168;8659
14.02.2021;2;2021;14;2021-2-14;;;;83166711;2000958;961682;2962640;249790;;;;5491;3168;8659
15.02.2021;2;2021;15;2021-2-15;;;;83166711;2000958;961682;2962640;249790;;;;5491;3168;8659
16.02.2021;2;2021;16;2021-2-16;;;;83166711;2000958;961682;2962640;249790;;;;5491;3168;8659
17.02.2021;2;2021;17;2021-2-17;;;;83166711;2000958;961682;2962640;249790;;;;5491;3168;8659
18.02.2021;2;2021;18;2021-2-18;;;;83166711;2000958;961682;2962640;249790;;;;5491;3168;8659
19.02.2021;2;2021;19;2021-2-19;;;;83166711;2000958;961682;2962640;249790;;;;5491;3168;8659
20.02.2021;2;2021;20;2021-2-20;;;;83166711;2000958;961682;2962640;249790;;;;5491;3168;8659
21.02.2021;2;2021;21;2021-2-21;;;;83166711;2000958;961682;2962640;249790;;;;5491;3168;8659
22.02.2021;2;2021;22;2021-2-22;;;;83166711;2000958;961682;2962640;249790;;;;5491;3168;8659
23.02.2021;2;2021;23;2021-2-23;;;;83166711;2000958;961682;2962640;249790;;;;5491;3168;8659
24.02.2021;2;2021;24;2021-2-24;;;;83166711;2000958;961682;2962640;249790;;;;5491;3168;8659
25.02.2021;2;2021;25;2021-2-25;;;;83166711;2000958;961682;2962640;249790;;;;5491;3168;8659
26.02.2021;2;2021;26;2021-2-26;;;;83166711;2000958;961682;2962640;249790;;;;5491;3168;8659
27.02.2021;2;2021;27;2021-2-27;;;;83166711;2000958;961682;2962640;249790;;;;5491;3168;8659
28.02.2021;2;2021;28;2021-2-28;;;;83166711;2000958;961682;2962640;249790;;;;5491;3168;8659
01.03.2021;3;2021;1;2021-3-1;;;;83166711;2000958;961682;2962640;249790;;;;5491;3168;8659
02.03.2021;3;2021;2;2021-3-2;;;;83166711;2000958;961682;2962640;249790;;;;5491;3168;8659
03.03.2021;3;2021;3;2021-3-3;;;;83166711;2000958;961682;2962640;249790;;;;5491;3168;8659
04.03.2021;3;2021;4;2021-3-4;;;;83166711;2000958;961682;2962640;249790;;;;5491;3168;8659
05.03.2021;3;2021;5;2021-3-5;;;;83166711;2000958;961682;2962640;249790;;;;5491;3168;8659
06.03.2021;3;2021;6;2021-3-6;;;;83166711;2000958;961682;2962640;249790;;;;5491;3168;8659
07.03.2021;3;2021;7;2021-3-7;;;;83166711;2000958;961682;2962640;249790;;;;5491;3168;8659
08.03.2021;3;2021;8;2021-3-8;;;;83166711;2000958;961682;2962640;249790;;;;5491;3168;8659
09.03.2021;3;2021;9;2021-3-9;;;;83166711;2000958;961682;2962640;249790;;;;5491;3168;8659
10.03.2021;3;2021;10;2021-3-10;;;;83166711;2000958;961682;2962640;249790;;;;5491;3168;8659
11.03.2021;3;2021;11;2021-3-11;;;;83166711;2000958;961682;2962640;249790;;;;5491;3168;8659
12.03.2021;3;2021;12;2021-3-12;;;;83166711;2000958;961682;2962640;249790;;;;5491;3168;8659
13.03.2021;3;2021;13;2021-3-13;;;;83166711;2000958;961682;2962640;249790;;;;5491;3168;8659
14.03.2021;3;2021;14;2021-3-14;;;;83166711;2000958;961682;2962640;249790;;;;5491;3168;8659
15.03.2021;3;2021;15;2021-3-15;;;;83166711;2000958;961682;2962640;249790;;;;5491;3168;8659
16.03.2021;3;2021;16;2021-3-16;;;;83166711;2000958;961682;2962640;249790;;;;5491;3168;8659
17.03.2021;3;2021;17;2021-3-17;;;;83166711;2000958;961682;2962640;249790;;;;5491;3168;8659
18.03.2021;3;2021;18;2021-3-18;;;;83166711;2000958;961682;2962640;249790;;;;5491;3168;8659
19.03.2021;3;2021;19;2021-3-19;;;;83166711;2000958;961682;2962640;249790;;;;5491;3168;8659
20.03.2021;3;2021;20;2021-3-20;;;;83166711;2000958;961682;2962640;249790;;;;5491;3168;8659
21.03.2021;3;2021;21;2021-3-21;;;;83166711;2000958;961682;2962640;249790;;;;5491;3168;8659
22.03.2021;3;2021;22;2021-3-22;;;;83166711;2000958;961682;2962640;249790;;;;5491;3168;8659
23.03.2021;3;2021;23;2021-3-23;;;;83166711;2000958;961682;2962640;249790;;;;5491;3168;8659
24.03.2021;3;2021;24;2021-3-24;;;;83166711;2000958;961682;2962640;249790;;;;5491;3168;8659
25.03.2021;3;2021;25;2021-3-25;;;;83166711;2000958;961682;2962640;249790;;;;5491;3168;8659
26.03.2021;3;2021;26;2021-3-26;;;;83166711;2000958;961682;2962640;249790;;;;5491;3168;8659
27.03.2021;3;2021;27;2021-3-27;;;;83166711;2000958;961682;2962640;249790;;;;5491;3168;8659
28.03.2021;3;2021;28;2021-3-28;;;;83166711;2000958;961682;2962640;249790;;;;5491;3168;8659
29.03.2021;3;2021;29;2021-3-29;;;;83166711;2000958;961682;2962640;249790;;;;5491;3168;8659
30.03.2021;3;2021;30;2021-3-30;;;;83166711;2000958;961682;2962640;249790;;;;5491;3168;8659
31.03.2021;3;2021;31;2021-3-31;;;;83166711;2000958;961682;2962640;249790;;;;5491;3168;8659
01.04.2021;4;2021;1;2021-4-1;;;;83166711;2000958;961682;2962640;249790;;;;5491;3168;8659
02.04.2021;4;2021;2;2021-4-2;;;;83166711;2000958;961682;2962640;249790;;;;5491;3168;8659
03.04.2021;4;2021;3;2021-4-3;;;;83166711;2000958;961682;2962640;249790;;;;5491;3168;8659
04.04.2021;4;2021;4;2021-4-4;;;;83166711;2000958;961682;2962640;249790;;;;5491;3168;8659
05.04.2021;4;2021;5;2021-4-5;;;;83166711;2000958;961682;2962640;249790;;;;5491;3168;8659
06.04.2021;4;2021;6;2021-4-6;;;;83166711;2000958;961682;2962640;249790;;;;5491;3168;8659
07.04.2021;4;2021;7;2021-4-7;;;;83166711;2000958;961682;2962640;249790;;;;5491;3168;8659
08.04.2021;4;2021;8;2021-4-8;;;;83166711;2000958;961682;2962640;249790;;;;5491;3168;8659
09.04.2021;4;2021;9;2021-4-9;;;;83166711;2000958;961682;2962640;249790;;;;5491;3168;8659
10.04.2021;4;2021;10;2021-4-10;;;;83166711;2000958;961682;2962640;249790;;;;5491;3168;8659
11.04.2021;4;2021;11;2021-4-11;;;;83166711;2000958;961682;2962640;249790;;;;5491;3168;8659
12.04.2021;4;2021;12;2021-4-12;;;;83166711;2000958;961682;2962640;249790;;;;5491;3168;8659
13.04.2021;4;2021;13;2021-4-13;;;;83166711;2000958;961682;2962640;249790;;;;5491;3168;8659
14.04.2021;4;2021;14;2021-4-14;;;;83166711;2000958;961682;2962640;249790;;;;5491;3168;8659
15.04.2021;4;2021;15;2021-4-15;;;;83166711;2000958;961682;2962640;249790;;;;5491;3168;8659
16.04.2021;4;2021;16;2021-4-16;;;;83166711;2000958;961682;2962640;249790;;;;5491;3168;8659
17.04.2021;4;2021;17;2021-4-17;;;;83166711;2000958;961682;2962640;249790;;;;5491;3168;8659
18.04.2021;4;2021;18;2021-4-18;;;;83166711;2000958;961682;2962640;249790;;;;5491;3168;8659
19.04.2021;4;2021;19;2021-4-19;;;;83166711;2000958;961682;2962640;249790;;;;5491;3168;8659
20.04.2021;4;2021;20;2021-4-20;;;;83166711;2000958;961682;2962640;249790;;;;5491;3168;8659
21.04.2021;4;2021;21;2021-4-21;;;;83166711;2000958;961682;2962640;249790;;;;5491;3168;8659
22.04.2021;4;2021;22;2021-4-22;;;;83166711;2000958;961682;2962640;249790;;;;5491;3168;8659
23.04.2021;4;2021;23;2021-4-23;;;;83166711;2000958;961682;2962640;249790;;;;5491;3168;8659
24.04.2021;4;2021;24;2021-4-24;;;;83166711;2000958;961682;2962640;249790;;;;5491;3168;8659
25.04.2021;4;2021;25;2021-4-25;;;;83166711;2000958;961682;2962640;249790;;;;5491;3168;8659
26.04.2021;4;2021;26;2021-4-26;;;;83166711;2000958;961682;2962640;249790;;;;5491;3168;8659
27.04.2021;4;2021;27;2021-4-27;;;;83166711;2000958;961682;2962640;249790;;;;5491;3168;8659
28.04.2021;4;2021;28;2021-4-28;;;;83166711;2000958;961682;2962640;249790;;;;5491;3168;8659
29.04.2021;4;2021;29;2021-4-29;;;;83166711;2000958;961682;2962640;249790;;;;5491;3168;8659
30.04.2021;4;2021;30;2021-4-30;;;;83166711;2000958;961682;2962640;249790;;;;5491;3168;8659
01.05.2021;5;2021;1;2021-5-1;;;;83166711;2000958;961682;2962640;249790;;;;5491;3168;8659
02.05.2021;5;2021;2;2021-5-2;;;;83166711;2000958;961682;2962640;249790;;;;5491;3168;8659
03.05.2021;5;2021;3;2021-5-3;;;;83166711;2000958;961682;2962640;249790;;;;5491;3168;8659
04.05.2021;5;2021;4;2021-5-4;;;;83166711;2000958;961682;2962640;249790;;;;5491;3168;8659
05.05.2021;5;2021;5;2021-5-5;;;;83166711;2000958;961682;2962640;249790;;;;5491;3168;8659
06.05.2021;5;2021;6;2021-5-6;;;;83166711;2000958;961682;2962640;249790;;;;5491;3168;8659
07.05.2021;5;2021;7;2021-5-7;;;;83166711;2000958;961682;2962640;249790;;;;5491;3168;8659
08.05.2021;5;2021;8;2021-5-8;;;;83166711;2000958;961682;2962640;249790;;;;5491;3168;8659
09.05.2021;5;2021;9;2021-5-9;;;;83166711;2000958;961682;2962640;249790;;;;5491;3168;8659
10.05.2021;5;2021;10;2021-5-10;;;;83166711;2000958;961682;2962640;249790;;;;5491;3168;8659
11.05.2021;5;2021;11;2021-5-11;;;;83166711;2000958;961682;2962640;249790;;;;5491;3168;8659
12.05.2021;5;2021;12;2021-5-12;;;;83166711;2000958;961682;2962640;249790;;;;5491;3168;8659
13.05.2021;5;2021;13;2021-5-13;;;;83166711;2000958;961682;2962640;249790;;;;5491;3168;8659
14.05.2021;5;2021;14;2021-5-14;;;;83166711;2000958;961682;2962640;249790;;;;5491;3168;8659
15.05.2021;5;2021;15;2021-5-15;;;;83166711;2000958;961682;2962640;249790;;;;5491;3168;8659
16.05.2021;5;2021;16;2021-5-16;;;;83166711;2000958;961682;2962640;249790;;;;5491;3168;8659
17.05.2021;5;2021;17;2021-5-17;;;;83166711;2000958;961682;2962640;249790;;;;5491;3168;8659
18.05.2021;5;2021;18;2021-5-18;;;;83166711;2000958;961682;2962640;249790;;;;5491;3168;8659
19.05.2021;5;2021;19;2021-5-19;;;;83166711;2000958;961682;2962640;249790;;;;5491;3168;8659
20.05.2021;5;2021;20;2021-5-20;;;;83166711;2000958;961682;2962640;249790;;;;5491;3168;8659
21.05.2021;5;2021;21;2021-5-21;;;;83166711;2000958;961682;2962640;249790;;;;5491;3168;8659
22.05.2021;5;2021;22;2021-5-22;;;;83166711;2000958;961682;2962640;249790;;;;5491;3168;8659
23.05.2021;5;2021;23;2021-5-23;;;;83166711;2000958;961682;2962640;249790;;;;5491;3168;8659
24.05.2021;5;2021;24;2021-5-24;;;;83166711;2000958;961682;2962640;249790;;;;5491;3168;8659
25.05.2021;5;2021;25;2021-5-25;;;;83166711;2000958;961682;2962640;249790;;;;5491;3168;8659
26.05.2021;5;2021;26;2021-5-26;;;;83166711;2000958;961682;2962640;249790;;;;5491;3168;8659
27.05.2021;5;2021;27;2021-5-27;;;;83166711;2000958;961682;2962640;249790;;;;5491;3168;8659
28.05.2021;5;2021;28;2021-5-28;;;;83166711;2000958;961682;2962640;249790;;;;5491;3168;8659
29.05.2021;5;2021;29;2021-5-29;;;;83166711;2000958;961682;2962640;249790;;;;5491;3168;8659
30.05.2021;5;2021;30;2021-5-30;;;;83166711;2000958;961682;2962640;249790;;;;5491;3168;8659
31.05.2021;5;2021;31;2021-5-31;;;;83166711;2000958;961682;2962640;249790;;;;5491;3168;8659
01.06.2021;6;2021;1;2021-6-1;;;;83166711;2000958;961682;2962640;249790;;;;5491;3168;8659
02.06.2021;6;2021;2;2021-6-2;;;;83166711;2000958;961682;2962640;249790;;;;5491;3168;8659
03.06.2021;6;2021;3;2021-6-3;;;;83166711;2000958;961682;2962640;249790;;;;5491;3168;8659
04.06.2021;6;2021;4;2021-6-4;;;;83166711;2000958;961682;2962640;249790;;;;5491;3168;8659
05.06.2021;6;2021;5;2021-6-5;;;;83166711;2000958;961682;2962640;249790;;;;5491;3168;8659
06.06.2021;6;2021;6;2021-6-6;;;;83166711;2000958;961682;2962640;249790;;;;5491;3168;8659
07.06.2021;6;2021;7;2021-6-7;;;;83166711;2000958;961682;2962640;249790;;;;5491;3168;8659
08.06.2021;6;2021;8;2021-6-8;;;;83166711;2000958;961682;2962640;249790;;;;5491;3168;8659
09.06.2021;6;2021;9;2021-6-9;;;;83166711;2000958;961682;2962640;249790;;;;5491;3168;8659
10.06.2021;6;2021;10;2021-6-10;;;;83166711;2000958;961682;2962640;249790;;;;5491;3168;8659
11.06.2021;6;2021;11;2021-6-11;;;;83166711;2000958;961682;2962640;249790;;;;5491;3168;8659
12.06.2021;6;2021;12;2021-6-12;;;;83166711;2000958;961682;2962640;249790;;;;5491;3168;8659
13.06.2021;6;2021;13;2021-6-13;;;;83166711;2000958;961682;2962640;249790;;;;5491;3168;8659
14.06.2021;6;2021;14;2021-6-14;;;;83166711;2000958;961682;2962640;249790;;;;5491;3168;8659
15.06.2021;6;2021;15;2021-6-15;;;;83166711;2000958;961682;2962640;249790;;;;5491;3168;8659
16.06.2021;6;2021;16;2021-6-16;;;;83166711;2000958;961682;2962640;249790;;;;5491;3168;8659
17.06.2021;6;2021;17;2021-6-17;;;;83166711;2000958;961682;2962640;249790;;;;5491;3168;8659
18.06.2021;6;2021;18;2021-6-18;;;;83166711;2000958;961682;2962640;249790;;;;5491;3168;8659
19.06.2021;6;2021;19;2021-6-19;;;;83166711;2000958;961682;2962640;249790;;;;5491;3168;8659
20.06.2021;6;2021;20;2021-6-20;;;;83166711;2000958;961682;2962640;249790;;;;5491;3168;8659
21.06.2021;6;2021;21;2021-6-21;;;;83166711;2000958;961682;2962640;249790;;;;5491;3168;8659
22.06.2021;6;2021;22;2021-6-22;;;;83166711;2000958;961682;2962640;249790;;;;5491;3168;8659
23.06.2021;6;2021;23;2021-6-23;;;;83166711;2000958;961682;2962640;249790;;;;5491;3168;8659
24.06.2021;6;2021;24;2021-6-24;;;;83166711;2000958;961682;2962640;249790;;;;5491;3168;8659
25.06.2021;6;2021;25;2021-6-25;;;;83166711;2000958;961682;2962640;249790;;;;5491;3168;8659
26.06.2021;6;2021;26;2021-6-26;;;;83166711;2000958;961682;2962640;249790;;;;5491;3168;8659
27.06.2021;6;2021;27;2021-6-27;;;;83166711;2000958;961682;2962640;249790;;;;5491;3168;8659
28.06.2021;6;2021;28;2021-6-28;;;;83166711;2000958;961682;2962640;249790;;;;5491;3168;8659
29.06.2021;6;2021;29;2021-6-29;;;;83166711;2000958;961682;2962640;249790;;;;5491;3168;8659
30.06.2021;6;2021;30;2021-6-30;;;;83166711;2000958;961682;2962640;249790;;;;5491;3168;8659
01.07.2021;7;2021;1;2021-7-1;;;;83166711;2000958;961682;2962640;249790;;;;5491;3168;8659
02.07.2021;7;2021;2;2021-7-2;;;;83166711;2000958;961682;2962640;249790;;;;5491;3168;8659
03.07.2021;7;2021;3;2021-7-3;;;;83166711;2000958;961682;2962640;249790;;;;5491;3168;8659
04.07.2021;7;2021;4;2021-7-4;;;;83166711;2000958;961682;2962640;249790;;;;5491;3168;8659
05.07.2021;7;2021;5;2021-7-5;;;;83166711;2000958;961682;2962640;249790;;;;5491;3168;8659
06.07.2021;7;2021;6;2021-7-6;;;;83166711;2000958;961682;2962640;249790;;;;5491;3168;8659
07.07.2021;7;2021;7;2021-7-7;;;;83166711;2000958;961682;2962640;249790;;;;5491;3168;8659
08.07.2021;7;2021;8;2021-7-8;;;;83166711;2000958;961682;2962640;249790;;;;5491;3168;8659
09.07.2021;7;2021;9;2021-7-9;;;;83166711;2000958;961682;2962640;249790;;;;5491;3168;8659
10.07.2021;7;2021;10;2021-7-10;;;;83166711;2000958;961682;2962640;249790;;;;5491;3168;8659
11.07.2021;7;2021;11;2021-7-11;;;;83166711;2000958;961682;2962640;249790;;;;5491;3168;8659
12.07.2021;7;2021;12;2021-7-12;;;;83166711;2000958;961682;2962640;249790;;;;5491;3168;8659
13.07.2021;7;2021;13;2021-7-13;;;;83166711;2000958;961682;2962640;249790;;;;5491;3168;8659
14.07.2021;7;2021;14;2021-7-14;;;;83166711;2000958;961682;2962640;249790;;;;5491;3168;8659
15.07.2021;7;2021;15;2021-7-15;;;;83166711;2000958;961682;2962640;249790;;;;5491;3168;8659
16.07.2021;7;2021;16;2021-7-16;;;;83166711;2000958;961682;2962640;249790;;;;5491;3168;8659
17.07.2021;7;2021;17;2021-7-17;;;;83166711;2000958;961682;2962640;249790;;;;5491;3168;8659
18.07.2021;7;2021;18;2021-7-18;;;;83166711;2000958;961682;2962640;249790;;;;5491;3168;8659
19.07.2021;7;2021;19;2021-7-19;;;;83166711;2000958;961682;2962640;249790;;;;5491;3168;8659
20.07.2021;7;2021;20;2021-7-20;;;;83166711;2000958;961682;2962640;249790;;;;5491;3168;8659
21.07.2021;7;2021;21;2021-7-21;;;;83166711;2000958;961682;2962640;249790;;;;5491;3168;8659
22.07.2021;7;2021;22;2021-7-22;;;;83166711;2000958;961682;2962640;249790;;;;5491;3168;8659
23.07.2021;7;2021;23;2021-7-23;;;;83166711;2000958;961682;2962640;249790;;;;5491;3168;8659
24.07.2021;7;2021;24;2021-7-24;;;;83166711;2000958;961682;2962640;249790;;;;5491;3168;8659
25.07.2021;7;2021;25;2021-7-25;;;;83166711;2000958;961682;2962640;249790;;;;5491;3168;8659
26.07.2021;7;2021;26;2021-7-26;;;;83166711;2000958;961682;2962640;249790;;;;5491;3168;8659
27.07.2021;7;2021;27;2021-7-27;;;;83166711;2000958;961682;2962640;249790;;;;5491;3168;8659
28.07.2021;7;2021;28;2021-7-28;;;;83166711;2000958;961682;2962640;249790;;;;5491;3168;8659
29.07.2021;7;2021;29;2021-7-29;;;;83166711;2000958;961682;2962640;249790;;;;5491;3168;8659
30.07.2021;7;2021;30;2021-7-30;;;;83166711;2000958;961682;2962640;249790;;;;5491;3168;8659
31.07.2021;7;2021;31;2021-7-31;;;;83166711;2000958;961682;2962640;249790;;;;5491;3168;8659
01.08.2021;8;2021;1;2021-8-1;;;;83166711;2000958;961682;2962640;249790;;;;5491;3168;8659
02.08.2021;8;2021;2;2021-8-2;;;;83166711;2000958;961682;2962640;249790;;;;5491;3168;8659
03.08.2021;8;2021;3;2021-8-3;;;;83166711;2000958;961682;2962640;249790;;;;5491;3168;8659
04.08.2021;8;2021;4;2021-8-4;;;;83166711;2000958;961682;2962640;249790;;;;5491;3168;8659
05.08.2021;8;2021;5;2021-8-5;;;;83166711;2000958;961682;2962640;249790;;;;5491;3168;8659
06.08.2021;8;2021;6;2021-8-6;;;;83166711;2000958;961682;2962640;249790;;;;5491;3168;8659
07.08.2021;8;2021;7;2021-8-7;;;;83166711;2000958;961682;2962640;249790;;;;5491;3168;8659
08.08.2021;8;2021;8;2021-8-8;;;;83166711;2000958;961682;2962640;249790;;;;5491;3168;8659
09.08.2021;8;2021;9;2021-8-9;;;;83166711;2000958;961682;2962640;249790;;;;5491;3168;8659
10.08.2021;8;2021;10;2021-8-10;;;;83166711;2000958;961682;2962640;249790;;;;5491;3168;8659
11.08.2021;8;2021;11;2021-8-11;;;;83166711;2000958;961682;2962640;249790;;;;5491;3168;8659
12.08.2021;8;2021;12;2021-8-12;;;;83166711;2000958;961682;2962640;249790;;;;5491;3168;8659
13.08.2021;8;2021;13;2021-8-13;;;;83166711;2000958;961682;2962640;249790;;;;5491;3168;8659
14.08.2021;8;2021;14;2021-8-14;;;;83166711;2000958;961682;2962640;249790;;;;5491;3168;8659
15.08.2021;8;2021;15;2021-8-15;;;;83166711;2000958;961682;2962640;249790;;;;5491;3168;8659
16.08.2021;8;2021;16;2021-8-16;;;;83166711;2000958;961682;2962640;249790;;;;5491;3168;8659
17.08.2021;8;2021;17;2021-8-17;;;;83166711;2000958;961682;2962640;249790;;;;5491;3168;8659
18.08.2021;8;2021;18;2021-8-18;;;;83166711;2000958;961682;2962640;249790;;;;5491;3168;8659
19.08.2021;8;2021;19;2021-8-19;;;;83166711;2000958;961682;2962640;249790;;;;5491;3168;8659
20.08.2021;8;2021;20;2021-8-20;;;;83166711;2000958;961682;2962640;249790;;;;5491;3168;8659
21.08.2021;8;2021;21;2021-8-21;;;;83166711;2000958;961682;2962640;249790;;;;5491;3168;8659
22.08.2021;8;2021;22;2021-8-22;;;;83166711;2000958;961682;2962640;249790;;;;5491;3168;8659
23.08.2021;8;2021;23;2021-8-23;;;;83166711;2000958;961682;2962640;249790;;;;5491;3168;8659
24.08.2021;8;2021;24;2021-8-24;;;;83166711;2000958;961682;2962640;249790;;;;5491;3168;8659
25.08.2021;8;2021;25;2021-8-25;;;;83166711;2000958;961682;2962640;249790;;;;5491;3168;8659
26.08.2021;8;2021;26;2021-8-26;;;;83166711;2000958;961682;2962640;249790;;;;5491;3168;8659
27.08.2021;8;2021;27;2021-8-27;;;;83166711;2000958;961682;2962640;249790;;;;5491;3168;8659
28.08.2021;8;2021;28;2021-8-28;;;;83166711;2000958;961682;2962640;249790;;;;5491;3168;8659
29.08.2021;8;2021;29;2021-8-29;;;;83166711;2000958;961682;2962640;249790;;;;5491;3168;8659
30.08.2021;8;2021;30;2021-8-30;;;;83166711;2000958;961682;2962640;249790;;;;5491;3168;8659
31.08.2021;8;2021;31;2021-8-31;;;;83166711;2000958;961682;2962640;249790;;;;5491;3168;8659
01.09.2021;9;2021;1;2021-9-1;;;;83166711;2000958;961682;2962640;249790;;;;5491;3168;8659
02.09.2021;9;2021;2;2021-9-2;;;;83166711;2000958;961682;2962640;249790;;;;5491;3168;8659
03.09.2021;9;2021;3;2021-9-3;;;;83166711;2000958;961682;2962640;249790;;;;5491;3168;8659
04.09.2021;9;2021;4;2021-9-4;;;;83166711;2000958;961682;2962640;249790;;;;5491;3168;8659
05.09.2021;9;2021;5;2021-9-5;;;;83166711;2000958;961682;2962640;249790;;;;5491;3168;8659
06.09.2021;9;2021;6;2021-9-6;;;;83166711;2000958;961682;2962640;249790;;;;5491;3168;8659
07.09.2021;9;2021;7;2021-9-7;;;;83166711;2000958;961682;2962640;249790;;;;5491;3168;8659
08.09.2021;9;2021;8;2021-9-8;;;;83166711;2000958;961682;2962640;249790;;;;5491;3168;8659
09.09.2021;9;2021;9;2021-9-9;;;;83166711;2000958;961682;2962640;249790;;;;5491;3168;8659
10.09.2021;9;2021;10;2021-9-10;;;;83166711;2000958;961682;2962640;249790;;;;5491;3168;8659
11.09.2021;9;2021;11;2021-9-11;;;;83166711;2000958;961682;2962640;249790;;;;5491;3168;8659
12.09.2021;9;2021;12;2021-9-12;;;;83166711;2000958;961682;2962640;249790;;;;5491;3168;8659
13.09.2021;9;2021;13;2021-9-13;;;;83166711;2000958;961682;2962640;249790;;;;5491;3168;8659
14.09.2021;9;2021;14;2021-9-14;;;;83166711;2000958;961682;2962640;249790;;;;5491;3168;8659
15.09.2021;9;2021;15;2021-9-15;;;;83166711;2000958;961682;2962640;249790;;;;5491;3168;8659
16.09.2021;9;2021;16;2021-9-16;;;;83166711;2000958;961682;2962640;249790;;;;5491;3168;8659
17.09.2021;9;2021;17;2021-9-17;;;;83166711;2000958;961682;2962640;249790;;;;5491;3168;8659
18.09.2021;9;2021;18;2021-9-18;;;;83166711;2000958;961682;2962640;249790;;;;5491;3168;8659
19.09.2021;9;2021;19;2021-9-19;;;;83166711;2000958;961682;2962640;249790;;;;5491;3168;8659
20.09.2021;9;2021;20;2021-9-20;;;;83166711;2000958;961682;2962640;249790;;;;5491;3168;8659
21.09.2021;9;2021;21;2021-9-21;;;;83166711;2000958;961682;2962640;249790;;;;5491;3168;8659
22.09.2021;9;2021;22;2021-9-22;;;;83166711;2000958;961682;2962640;249790;;;;5491;3168;8659
23.09.2021;9;2021;23;2021-9-23;;;;83166711;2000958;961682;2962640;249790;;;;5491;3168;8659
24.09.2021;9;2021;24;2021-9-24;;;;83166711;2000958;961682;2962640;249790;;;;5491;3168;8659
25.09.2021;9;2021;25;2021-9-25;;;;83166711;2000958;961682;2962640;249790;;;;5491;3168;8659
26.09.2021;9;2021;26;2021-9-26;;;;83166711;2000958;961682;2962640;249790;;;;5491;3168;8659
27.09.2021;9;2021;27;2021-9-27;;;;83166711;2000958;961682;2962640;249790;;;;5491;3168;8659
28.09.2021;9;2021;28;2021-9-28;;;;83166711;2000958;961682;2962640;249790;;;;5491;3168;8659
29.09.2021;9;2021;29;2021-9-29;;;;83166711;2000958;961682;2962640;249790;;;;5491;3168;8659
30.09.2021;9;2021;30;2021-9-30;;;;83166711;2000958;961682;2962640;249790;;;;5491;3168;8659
01.10.2021;10;2021;1;2021-10-1;;;;83166711;2000958;961682;2962640;249790;;;;5491;3168;8659
02.10.2021;10;2021;2;2021-10-2;;;;83166711;2000958;961682;2962640;249790;;;;5491;3168;8659
03.10.2021;10;2021;3;2021-10-3;;;;83166711;2000958;961682;2962640;249790;;;;5491;3168;8659
04.10.2021;10;2021;4;2021-10-4;;;;83166711;2000958;961682;2962640;249790;;;;5491;3168;8659
05.10.2021;10;2021;5;2021-10-5;;;;83166711;2000958;961682;2962640;249790;;;;5491;3168;8659
06.10.2021;10;2021;6;2021-10-6;;;;83166711;2000958;961682;2962640;249790;;;;5491;3168;8659
07.10.2021;10;2021;7;2021-10-7;;;;83166711;2000958;961682;2962640;249790;;;;5491;3168;8659
08.10.2021;10;2021;8;2021-10-8;;;;83166711;2000958;961682;2962640;249790;;;;5491;3168;8659
09.10.2021;10;2021;9;2021-10-9;;;;83166711;2000958;961682;2962640;249790;;;;5491;3168;8659
10.10.2021;10;2021;10;2021-10-10;;;;83166711;2000958;961682;2962640;249790;;;;5491;3168;8659
11.10.2021;10;2021;11;2021-10-11;;;;83166711;2000958;961682;2962640;249790;;;;5491;3168;8659
12.10.2021;10;2021;12;2021-10-12;;;;83166711;2000958;961682;2962640;249790;;;;5491;3168;8659
13.10.2021;10;2021;13;2021-10-13;;;;83166711;2000958;961682;2962640;249790;;;;5491;3168;8659
14.10.2021;10;2021;14;2021-10-14;;;;83166711;2000958;961682;2962640;249790;;;;5491;3168;8659
15.10.2021;10;2021;15;2021-10-15;;;;83166711;2000958;961682;2962640;249790;;;;5491;3168;8659
16.10.2021;10;2021;16;2021-10-16;;;;83166711;2000958;961682;2962640;249790;;;;5491;3168;8659
17.10.2021;10;2021;17;2021-10-17;;;;83166711;2000958;961682;2962640;249790;;;;5491;3168;8659
18.10.2021;10;2021;18;2021-10-18;;;;83166711;2000958;961682;2962640;249790;;;;5491;3168;8659
19.10.2021;10;2021;19;2021-10-19;;;;83166711;2000958;961682;2962640;249790;;;;5491;3168;8659
20.10.2021;10;2021;20;2021-10-20;;;;83166711;2000958;961682;2962640;249790;;;;5491;3168;8659
21.10.2021;10;2021;21;2021-10-21;;;;83166711;2000958;961682;2962640;249790;;;;5491;3168;8659
22.10.2021;10;2021;22;2021-10-22;;;;83166711;2000958;961682;2962640;249790;;;;5491;3168;8659
23.10.2021;10;2021;23;2021-10-23;;;;83166711;2000958;961682;2962640;249790;;;;5491;3168;8659
24.10.2021;10;2021;24;2021-10-24;;;;83166711;2000958;961682;2962640;249790;;;;5491;3168;8659
25.10.2021;10;2021;25;2021-10-25;;;;83166711;2000958;961682;2962640;249790;;;;5491;3168;8659
26.10.2021;10;2021;26;2021-10-26;;;;83166711;2000958;961682;2962640;249790;;;;5491;3168;8659
27.10.2021;10;2021;27;2021-10-27;;;;83166711;2000958;961682;2962640;249790;;;;5491;3168;8659
28.10.2021;10;2021;28;2021-10-28;;;;83166711;2000958;961682;2962640;249790;;;;5491;3168;8659
29.10.2021;10;2021;29;2021-10-29;;;;83166711;2000958;961682;2962640;249790;;;;5491;3168;8659
30.10.2021;10;2021;30;2021-10-30;;;;83166711;2000958;961682;2962640;249790;;;;5491;3168;8659
31.10.2021;10;2021;31;2021-10-31;;;;83166711;2000958;961682;2962640;249790;;;;5491;3168;8659
01.11.2021;11;2021;1;2021-11-1;;;;83166711;2000958;961682;2962640;249790;;;;5491;3168;8659
02.11.2021;11;2021;2;2021-11-2;;;;83166711;2000958;961682;2962640;249790;;;;5491;3168;8659
03.11.2021;11;2021;3;2021-11-3;;;;83166711;2000958;961682;2962640;249790;;;;5491;3168;8659
04.11.2021;11;2021;4;2021-11-4;;;;83166711;2000958;961682;2962640;249790;;;;5491;3168;8659
05.11.2021;11;2021;5;2021-11-5;;;;83166711;2000958;961682;2962640;249790;;;;5491;3168;8659
06.11.2021;11;2021;6;2021-11-6;;;;83166711;2000958;961682;2962640;249790;;;;5491;3168;8659
07.11.2021;11;2021;7;2021-11-7;;;;83166711;2000958;961682;2962640;249790;;;;5491;3168;8659
08.11.2021;11;2021;8;2021-11-8;;;;83166711;2000958;961682;2962640;249790;;;;5491;3168;8659
09.11.2021;11;2021;9;2021-11-9;;;;83166711;2000958;961682;2962640;249790;;;;5491;3168;8659
10.11.2021;11;2021;10;2021-11-10;;;;83166711;2000958;961682;2962640;249790;;;;5491;3168;8659
11.11.2021;11;2021;11;2021-11-11;;;;83166711;2000958;961682;2962640;249790;;;;5491;3168;8659
12.11.2021;11;2021;12;2021-11-12;;;;83166711;2000958;961682;2962640;249790;;;;5491;3168;8659
13.11.2021;11;2021;13;2021-11-13;;;;83166711;2000958;961682;2962640;249790;;;;5491;3168;8659
14.11.2021;11;2021;14;2021-11-14;;;;83166711;2000958;961682;2962640;249790;;;;5491;3168;8659
15.11.2021;11;2021;15;2021-11-15;;;;83166711;2000958;961682;2962640;249790;;;;5491;3168;8659
16.11.2021;11;2021;16;2021-11-16;;;;83166711;2000958;961682;2962640;249790;;;;5491;3168;8659
17.11.2021;11;2021;17;2021-11-17;;;;83166711;2000958;961682;2962640;249790;;;;5491;3168;8659
18.11.2021;11;2021;18;2021-11-18;;;;83166711;2000958;961682;2962640;249790;;;;5491;3168;8659
19.11.2021;11;2021;19;2021-11-19;;;;83166711;2000958;961682;2962640;249790;;;;5491;3168;8659
20.11.2021;11;2021;20;2021-11-20;;;;83166711;2000958;961682;2962640;249790;;;;5491;3168;8659
21.11.2021;11;2021;21;2021-11-21;;;;83166711;2000958;961682;2962640;249790;;;;5491;3168;8659
22.11.2021;11;2021;22;2021-11-22;;;;83166711;2000958;961682;2962640;249790;;;;5491;3168;8659
23.11.2021;11;2021;23;2021-11-23;;;;83166711;2000958;961682;2962640;249790;;;;5491;3168;8659
24.11.2021;11;2021;24;2021-11-24;;;;83166711;2000958;961682;2962640;249790;;;;5491;3168;8659
25.11.2021;11;2021;25;2021-11-25;;;;83166711;2000958;961682;2962640;249790;;;;5491;3168;8659
26.11.2021;11;2021;26;2021-11-26;;;;83166711;2000958;961682;2962640;249790;;;;5491;3168;8659
27.11.2021;11;2021;27;2021-11-27;;;;83166711;2000958;961682;2962640;249790;;;;5491;3168;8659
28.11.2021;11;2021;28;2021-11-28;;;;83166711;2000958;961682;2962640;249790;;;;5491;3168;8659
29.11.2021;11;2021;29;2021-11-29;;;;83166711;2000958;961682;2962640;249790;;;;5491;3168;8659
30.11.2021;11;2021;30;2021-11-30;;;;83166711;2000958;961682;2962640;249790;;;;5491;3168;8659
01.12.2021;12;2021;1;2021-12-1;;;;83166711;2000958;961682;2962640;249790;;;;5491;3168;8659
02.12.2021;12;2021;2;2021-12-2;;;;83166711;2000958;961682;2962640;249790;;;;5491;3168;8659
03.12.2021;12;2021;3;2021-12-3;;;;83166711;2000958;961682;2962640;249790;;;;5491;3168;8659
04.12.2021;12;2021;4;2021-12-4;;;;83166711;2000958;961682;2962640;249790;;;;5491;3168;8659
05.12.2021;12;2021;5;2021-12-5;;;;83166711;2000958;961682;2962640;249790;;;;5491;3168;8659
06.12.2021;12;2021;6;2021-12-6;;;;83166711;2000958;961682;2962640;249790;;;;5491;3168;8659
07.12.2021;12;2021;7;2021-12-7;;;;83166711;2000958;961682;2962640;249790;;;;5491;3168;8659
08.12.2021;12;2021;8;2021-12-8;;;;83166711;2000958;961682;2962640;249790;;;;5491;3168;8659
09.12.2021;12;2021;9;2021-12-9;;;;83166711;2000958;961682;2962640;249790;;;;5491;3168;8659
10.12.2021;12;2021;10;2021-12-10;;;;83166711;2000958;961682;2962640;249790;;;;5491;3168;8659
11.12.2021;12;2021;11;2021-12-11;;;;83166711;2000958;961682;2962640;249790;;;;5491;3168;8659
12.12.2021;12;2021;12;2021-12-12;;;;83166711;2000958;961682;2962640;249790;;;;5491;3168;8659
13.12.2021;12;2021;13;2021-12-13;;;;83166711;2000958;961682;2962640;249790;;;;5491;3168;8659
14.12.2021;12;2021;14;2021-12-14;;;;83166711;2000958;961682;2962640;249790;;;;5491;3168;8659
15.12.2021;12;2021;15;2021-12-15;;;;83166711;2000958;961682;2962640;249790;;;;5491;3168;8659
16.12.2021;12;2021;16;2021-12-16;;;;83166711;2000958;961682;2962640;249790;;;;5491;3168;8659
17.12.2021;12;2021;17;2021-12-17;;;;83166711;2000958;961682;2962640;249790;;;;5491;3168;8659
18.12.2021;12;2021;18;2021-12-18;;;;83166711;2000958;961682;2962640;249790;;;;5491;3168;8659
19.12.2021;12;2021;19;2021-12-19;;;;83166711;2000958;961682;2962640;249790;;;;5491;3168;8659
20.12.2021;12;2021;20;2021-12-20;;;;83166711;2000958;961682;2962640;249790;;;;5491;3168;8659
21.12.2021;12;2021;21;2021-12-21;;;;83166711;2000958;961682;2962640;249790;;;;5491;3168;8659
22.12.2021;12;2021;22;2021-12-22;;;;83166711;2000958;961682;2962640;249790;;;;5491;3168;8659
23.12.2021;12;2021;23;2021-12-23;;;;83166711;2000958;961682;2962640;249790;;;;5491;3168;8659
24.12.2021;12;2021;24;2021-12-24;;;;83166711;2000958;961682;2962640;249790;;;;5491;3168;8659
25.12.2021;12;2021;25;2021-12-25;;;;83166711;2000958;961682;2962640;249790;;;;5491;3168;8659
26.12.2021;12;2021;26;2021-12-26;;;;83166711;2000958;961682;2962640;249790;;;;5491;3168;8659
27.12.2021;12;2021;27;2021-12-27;;;;83166711;2000958;961682;2962640;249790;;;;5491;3168;8659
28.12.2021;12;2021;28;2021-12-28;;;;83166711;2000958;961682;2962640;249790;;;;5491;3168;8659
29.12.2021;12;2021;29;2021-12-29;;;;83166711;2000958;961682;2962640;249790;;;;5491;3168;8659
30.12.2021;12;2021;30;2021-12-30;;;;83166711;2000958;961682;2962640;249790;;;;5491;3168;8659
31.12.2021;12;2021;31;2021-12-31;;;;83166711;2000958;961682;2962640;249790;;;;5491;3168;8659
